"outer_x","outer_y"
1.22050763452171,-0.0860454757683443
-0.185199999719995,0.565909005231149
